AUS,Australia,1978,6.326645727273
AUS,Australia,1979,6.254344416667
AUS,Australia,1980,6.092499583333
AUS,Australia,1981,5.764088583333
AUS,Australia,1982,7.166374833333
AUS,Australia,1983,9.980065416667
AUS,Australia,1984,8.987198250000
AUS,Australia,1985,8.253268083333
AUS,Australia,1986,8.066979000000
AUS,Australia,1987,8.084407250000
AUS,Australia,1988,7.208055750000
AUS,Australia,1989,6.154053166667
AUS,Australia,1990,6.945760666667
AUS,Australia,1991,9.605000916667
AUS,Australia,1992,10.754560833333
AUS,Australia,1993,10.880536666667
AUS,Australia,1994,9.713044666667
AUS,Australia,1995,8.471531250000
AUS,Australia,1996,8.513376416667
AUS,Australia,1997,8.362411250000
AUS,Australia,1998,7.683136500000
AUS,Australia,1999,6.868049166667
AUS,Australia,2000,6.277535416667
AUS,Australia,2001,6.769643666667
AUS,Australia,2002,6.366487000000
AUS,Australia,2003,5.929833250000
AUS,Australia,2004,5.391618916667
AUS,Australia,2005,5.031750250000
AUS,Australia,2006,4.773053750000
AUS,Australia,2007,4.370067333333
AUS,Australia,2008,4.241930083333
AUS,Australia,2009,5.568393000000
AUS,Australia,2010,5.207862000000
AUS,Australia,2011,5.081748166667
AUS,Australia,2012,5.224693083333
AUS,Australia,2013,5.667657000000
AUS,Australia,2014,6.062902166667
AUS,Australia,2015,6.057682166667
AUS,Australia,2016,5.718781666667
AUS,Australia,2017,5.605397416667
AUS,Australia,2018,5.303095833333
AUS,Australia,2019,5.173504666667
AUS,Australia,2020,6.480554583333
AUS,Australia,2021,5.122958750000
AUS,Australia,2022,3.719313083333
AUS,Australia,2023,3.693748000000
AUS,Australia,2024,3.884279500000
AUT,Austria,1993,3.958333333333
AUT,Austria,1994,3.833333333333
AUT,Austria,1995,4.241666666667
AUT,Austria,1996,4.716666666667
AUT,Austria,1997,4.758333333333
AUT,Austria,1998,4.708333333333
AUT,Austria,1999,4.141666666667
AUT,Austria,2000,3.883333333333
AUT,Austria,2001,4.008333333333
AUT,Austria,2002,4.391666666667
AUT,Austria,2003,4.791666666667
AUT,Austria,2004,5.875000000000
AUT,Austria,2005,6.025000000000
AUT,Austria,2006,5.591666666667
AUT,Austria,2007,5.200000000000
AUT,Austria,2008,4.433333333333
AUT,Austria,2009,5.675000000000
AUT,Austria,2010,5.208333333333
AUT,Austria,2011,4.883333333333
AUT,Austria,2012,5.233333333333
AUT,Austria,2013,5.725000000000
AUT,Austria,2014,6.033333333333
AUT,Austria,2015,6.158333333333
AUT,Austria,2016,6.466666666667
AUT,Austria,2017,5.925000000000
AUT,Austria,2018,5.216666666667
AUT,Austria,2019,4.808333333333
AUT,Austria,2020,6.100000000000
AUT,Austria,2021,6.158333333333
AUT,Austria,2022,4.741666666667
AUT,Austria,2023,5.133333333333
AUT,Austria,2024,4.800000000000
BEL,Belgium,1983,10.741666666667
BEL,Belgium,1984,10.825000000000
BEL,Belgium,1985,10.116666666667
BEL,Belgium,1986,10.050000000000
BEL,Belgium,1987,9.808333333333
BEL,Belgium,1988,8.833333333333
BEL,Belgium,1989,7.366666666667
BEL,Belgium,1990,6.558333333333
BEL,Belgium,1991,6.450000000000
BEL,Belgium,1992,7.091666666667
BEL,Belgium,1993,8.625000000000
BEL,Belgium,1994,9.750000000000
BEL,Belgium,1995,9.683333333333
BEL,Belgium,1996,9.550000000000
BEL,Belgium,1997,9.216666666667
BEL,Belgium,1998,9.341666666667
BEL,Belgium,1999,8.425000000000
BEL,Belgium,2000,6.858333333333
BEL,Belgium,2001,6.566666666667
BEL,Belgium,2002,7.525000000000
BEL,Belgium,2003,8.175000000000
BEL,Belgium,2004,8.383333333333
BEL,Belgium,2005,8.475000000000
BEL,Belgium,2006,8.266666666667
BEL,Belgium,2007,7.491666666667
BEL,Belgium,2008,6.966666666667
BEL,Belgium,2009,7.991666666667
BEL,Belgium,2010,8.383333333333
BEL,Belgium,2011,7.233333333333
BEL,Belgium,2012,7.650000000000
BEL,Belgium,2013,8.575000000000
BEL,Belgium,2014,8.650000000000
BEL,Belgium,2015,8.658333333333
BEL,Belgium,2016,7.841666666667
BEL,Belgium,2017,7.116666666667
BEL,Belgium,2018,5.975000000000
BEL,Belgium,2019,5.383333333333
BEL,Belgium,2020,5.575000000000
BEL,Belgium,2021,6.266666666667
BEL,Belgium,2022,5.558333333333
BEL,Belgium,2023,5.533333333333
BEL,Belgium,2024,5.500000000000
CAN,Canada,1955,4.283333333333
CAN,Canada,1956,3.300000000000
CAN,Canada,1957,4.750000000000
CAN,Canada,1958,7.133333333333
CAN,Canada,1959,5.875000000000
CAN,Canada,1960,7.050000000000
CAN,Canada,1961,7.083333333333
CAN,Canada,1962,5.866666666667
CAN,Canada,1963,5.483333333333
CAN,Canada,1964,4.658333333333
CAN,Canada,1965,3.866666666667
CAN,Canada,1966,3.325000000000
CAN,Canada,1967,3.816666666667
CAN,Canada,1968,4.491666666667
CAN,Canada,1969,4.408333333333
CAN,Canada,1970,5.725000000000
CAN,Canada,1971,6.183333333333
CAN,Canada,1972,6.216666666667
CAN,Canada,1973,5.550000000000
CAN,Canada,1974,5.341666666667
CAN,Canada,1975,6.908333333333
CAN,Canada,1976,7.100000000000
CAN,Canada,1977,8.066666666667
CAN,Canada,1978,8.366666666667
CAN,Canada,1979,7.500000000000
CAN,Canada,1980,7.516666666667
CAN,Canada,1981,7.616666666667
CAN,Canada,1982,11.100000000000
CAN,Canada,1983,12.000000000000
CAN,Canada,1984,11.375000000000
CAN,Canada,1985,10.508333333333
CAN,Canada,1986,9.608333333333
CAN,Canada,1987,8.800000000000
CAN,Canada,1988,7.775000000000
CAN,Canada,1989,7.508333333333
CAN,Canada,1990,8.150000000000
CAN,Canada,1991,10.316666666667
CAN,Canada,1992,11.216666666667
CAN,Canada,1993,11.375000000000
CAN,Canada,1994,10.391666666667
CAN,Canada,1995,9.466666666667
CAN,Canada,1996,9.608333333333
CAN,Canada,1997,9.091666666667
CAN,Canada,1998,8.291666666667
CAN,Canada,1999,7.566666666667
CAN,Canada,2000,6.833333333333
CAN,Canada,2001,7.225000000000
CAN,Canada,2002,7.683333333333
CAN,Canada,2003,7.591666666667
CAN,Canada,2004,7.150000000000
CAN,Canada,2005,6.750000000000
CAN,Canada,2006,6.450000000000
CAN,Canada,2007,6.158333333333
CAN,Canada,2008,6.308333333333
CAN,Canada,2009,8.458333333333
CAN,Canada,2010,8.141666666667
CAN,Canada,2011,7.616666666667
CAN,Canada,2012,7.408333333333
CAN,Canada,2013,7.175000000000
CAN,Canada,2014,7.033333333333
CAN,Canada,2015,6.950000000000
CAN,Canada,2016,7.033333333333
CAN,Canada,2017,6.408333333333
CAN,Canada,2018,5.850000000000
CAN,Canada,2019,5.700000000000
CAN,Canada,2020,9.725000000000
CAN,Canada,2021,7.483333333333
CAN,Canada,2022,5.266666666667
CAN,Canada,2023,5.408333333333
CAN,Canada,2024,5.866666666667
CHL,Chile,1986,12.096030833333
CHL,Chile,1987,10.917437500000
CHL,Chile,1988,9.736003416667
CHL,Chile,1989,7.910121500000
CHL,Chile,1990,7.792516333333
CHL,Chile,1991,8.157619333333
CHL,Chile,1992,6.638644000000
CHL,Chile,1993,6.545006250000
CHL,Chile,1994,7.845665333333
CHL,Chile,1995,7.322829416667
CHL,Chile,1996,6.351386333333
CHL,Chile,1997,6.102145916667
CHL,Chile,1998,6.411348333333
CHL,Chile,1999,10.098258833333
CHL,Chile,2000,9.724347916667
CHL,Chile,2001,9.854157833333
CHL,Chile,2002,9.785750666667
CHL,Chile,2003,9.524991666667
CHL,Chile,2004,10.033267083333
CHL,Chile,2005,9.228732750000
CHL,Chile,2006,7.811213250000
CHL,Chile,2007,7.115153000000
CHL,Chile,2008,7.809181916667
CHL,Chile,2009,9.690914000000
CHL,Chile,2010,8.259642333333
CHL,Chile,2011,7.320927333333
CHL,Chile,2012,6.582183666667
CHL,Chile,2013,6.129195250000
CHL,Chile,2014,6.420370916667
CHL,Chile,2015,6.367418333333
CHL,Chile,2016,6.682754500000
CHL,Chile,2017,6.971921500000
CHL,Chile,2018,7.358378416667
CHL,Chile,2019,7.242504833333
CHL,Chile,2020,10.785069333333
CHL,Chile,2021,8.862672250000
CHL,Chile,2022,7.863366833333
CHL,Chile,2023,8.673363083333
CHL,Chile,2024,8.764046000000
COL,Colombia,2007,11.283764166667
COL,Colombia,2008,11.387634166667
COL,Colombia,2009,12.194610833333
COL,Colombia,2010,11.956147500000
COL,Colombia,2011,10.976968333333
COL,Colombia,2012,10.500492500000
COL,Colombia,2013,9.734884000000
COL,Colombia,2014,9.194866000000
COL,Colombia,2015,8.941139083333
COL,Colombia,2016,9.218801583333
COL,Colombia,2017,9.288938250000
COL,Colombia,2018,9.523869500000
COL,Colombia,2019,10.366026750000
COL,Colombia,2020,15.815125000000
COL,Colombia,2021,13.795425000000
COL,Colombia,2022,11.212834166667
COL,Colombia,2023,10.160360000000
COL,Colombia,2024,10.574375000000
CRI,Costa Rica,2010,8.946773400000
CRI,Costa Rica,2011,10.220653500000
CRI,Costa Rica,2012,10.146591083333
CRI,Costa Rica,2013,9.496176583333
CRI,Costa Rica,2014,9.580814000000
CRI,Costa Rica,2015,9.608716583333
CRI,Costa Rica,2016,9.471810250000
CRI,Costa Rica,2017,9.169828916667
CRI,Costa Rica,2018,10.186830500000
CRI,Costa Rica,2019,11.763747500000
CRI,Costa Rica,2020,19.652450000000
CRI,Costa Rica,2021,16.305483333333
CRI,Costa Rica,2022,12.167070000000
CRI,Costa Rica,2023,8.947470083333
CRI,Costa Rica,2024,7.809012000000
CZE,Czechia,1993,4.308333333333
CZE,Czechia,1994,4.291666666667
CZE,Czechia,1995,4.033333333333
CZE,Czechia,1996,3.883333333333
CZE,Czechia,1997,4.783333333333
CZE,Czechia,1998,6.450000000000
CZE,Czechia,1999,8.708333333333
CZE,Czechia,2000,8.766666666667
CZE,Czechia,2001,8.108333333333
CZE,Czechia,2002,7.300000000000
CZE,Czechia,2003,7.800000000000
CZE,Czechia,2004,8.308333333333
CZE,Czechia,2005,7.933333333333
CZE,Czechia,2006,7.141666666667
CZE,Czechia,2007,5.325000000000
CZE,Czechia,2008,4.391666666667
CZE,Czechia,2009,6.683333333333
CZE,Czechia,2010,7.283333333333
CZE,Czechia,2011,6.716666666667
CZE,Czechia,2012,6.975000000000
CZE,Czechia,2013,6.966666666667
CZE,Czechia,2014,6.133333333333
CZE,Czechia,2015,5.050000000000
CZE,Czechia,2016,3.950000000000
CZE,Czechia,2017,2.908333333333
CZE,Czechia,2018,2.241666666667
CZE,Czechia,2019,2.033333333333
CZE,Czechia,2020,2.550000000000
CZE,Czechia,2021,2.816666666667
CZE,Czechia,2022,2.366666666667
CZE,Czechia,2023,2.633333333333
CZE,Czechia,2024,2.800000000000
DEU,Germany,1991,5.516666666667
DEU,Germany,1992,6.591666666667
DEU,Germany,1993,7.775000000000
DEU,Germany,1994,8.425000000000
DEU,Germany,1995,8.233333333333
DEU,Germany,1996,8.908333333333
DEU,Germany,1997,9.658333333333
DEU,Germany,1998,9.383333333333
DEU,Germany,1999,8.558333333333
DEU,Germany,2000,7.950000000000
DEU,Germany,2001,7.800000000000
DEU,Germany,2002,8.600000000000
DEU,Germany,2003,9.708333333333
DEU,Germany,2004,10.333333333333
DEU,Germany,2005,11.016666666667
DEU,Germany,2006,10.050000000000
DEU,Germany,2007,8.591666666667
DEU,Germany,2008,7.400000000000
DEU,Germany,2009,7.241666666667
DEU,Germany,2010,6.550000000000
DEU,Germany,2011,5.525000000000
DEU,Germany,2012,5.058333333333
DEU,Germany,2013,4.941666666667
DEU,Germany,2014,4.716666666667
DEU,Germany,2015,4.358333333333
DEU,Germany,2016,3.933333333333
DEU,Germany,2017,3.558333333333
DEU,Germany,2018,3.208333333333
DEU,Germany,2019,2.983333333333
DEU,Germany,2020,3.666666666667
DEU,Germany,2021,3.583333333333
DEU,Germany,2022,3.058333333333
DEU,Germany,2023,3.000000000000
DEU,Germany,2024,3.200000000000
DNK,Denmark,1983,8.375000000000
DNK,Denmark,1984,7.925000000000
DNK,Denmark,1985,6.616666666667
DNK,Denmark,1986,4.983333333333
DNK,Denmark,1987,5.000000000000
DNK,Denmark,1988,5.658333333333
DNK,Denmark,1989,6.825000000000
DNK,Denmark,1990,7.166666666667
DNK,Denmark,1991,7.866666666667
DNK,Denmark,1992,8.608333333333
DNK,Denmark,1993,9.533333333333
DNK,Denmark,1994,7.733333333333
DNK,Denmark,1995,6.758333333333
DNK,Denmark,1996,6.316666666667
DNK,Denmark,1997,5.241666666667
DNK,Denmark,1998,4.883333333333
DNK,Denmark,1999,5.108333333333
DNK,Denmark,2000,4.316666666667
DNK,Denmark,2001,4.508333333333
DNK,Denmark,2002,4.641666666667
DNK,Denmark,2003,5.433333333333
DNK,Denmark,2004,5.516666666667
DNK,Denmark,2005,4.800000000000
DNK,Denmark,2006,3.900000000000
DNK,Denmark,2007,3.775000000000
DNK,Denmark,2008,3.700000000000
DNK,Denmark,2009,6.441666666667
DNK,Denmark,2010,7.750000000000
DNK,Denmark,2011,7.758333333333
DNK,Denmark,2012,7.791666666667
DNK,Denmark,2013,7.366666666667
DNK,Denmark,2014,6.916666666667
DNK,Denmark,2015,6.266666666667
DNK,Denmark,2016,5.983333333333
DNK,Denmark,2017,5.825000000000
DNK,Denmark,2018,5.125000000000
DNK,Denmark,2019,5.000000000000
DNK,Denmark,2020,5.625000000000
DNK,Denmark,2021,5.083333333333
DNK,Denmark,2022,4.450000000000
DNK,Denmark,2023,5.141666666667
DNK,Denmark,2024,6.600000000000
EA20,Euro area (20 countries),1990,7.702172666667
EA20,Euro area (20 countries),1991,7.840147166667
EA20,Euro area (20 countries),1992,8.507249500000
EA20,Euro area (20 countries),1993,10.166666666667
EA20,Euro area (20 countries),1994,10.858333333333
EA20,Euro area (20 countries),1995,10.650000000000
EA20,Euro area (20 countries),1996,10.791666666667
EA20,Euro area (20 countries),1997,10.750000000000
EA20,Euro area (20 countries),1998,10.441666666667
EA20,Euro area (20 countries),1999,9.791666666667
EA20,Euro area (20 countries),2000,8.975000000000
EA20,Euro area (20 countries),2001,8.425000000000
EA20,Euro area (20 countries),2002,8.675000000000
EA20,Euro area (20 countries),2003,9.191666666667
EA20,Euro area (20 countries),2004,9.400000000000
EA20,Euro area (20 countries),2005,9.241666666667
EA20,Euro area (20 countries),2006,8.500000000000
EA20,Euro area (20 countries),2007,7.641666666667
EA20,Euro area (20 countries),2008,7.683333333333
EA20,Euro area (20 countries),2009,9.658333333333
EA20,Euro area (20 countries),2010,10.266666666667
EA20,Euro area (20 countries),2011,10.300000000000
EA20,Euro area (20 countries),2012,11.508333333333
EA20,Euro area (20 countries),2013,12.141666666667
EA20,Euro area (20 countries),2014,11.725000000000
EA20,Euro area (20 countries),2015,10.975000000000
EA20,Euro area (20 countries),2016,10.108333333333
EA20,Euro area (20 countries),2017,9.125000000000
EA20,Euro area (20 countries),2018,8.216666666667
EA20,Euro area (20 countries),2019,7.583333333333
EA20,Euro area (20 countries),2020,7.966666666667
EA20,Euro area (20 countries),2021,7.733333333333
EA20,Euro area (20 countries),2022,6.716666666667
EA20,Euro area (20 countries),2023,6.525000000000
EA20,Euro area (20 countries),2024,6.500000000000
ESP,Spain,1986,20.355555555556
ESP,Spain,1987,19.725000000000
ESP,Spain,1988,18.675000000000
ESP,Spain,1989,16.550000000000
ESP,Spain,1990,15.483333333333
ESP,Spain,1991,15.516666666667
ESP,Spain,1992,17.066666666667
ESP,Spain,1993,20.833333333333
ESP,Spain,1994,22.050000000000
ESP,Spain,1995,20.791666666667
ESP,Spain,1996,19.908333333333
ESP,Spain,1997,18.400000000000
ESP,Spain,1998,16.408333333333
ESP,Spain,1999,13.600000000000
ESP,Spain,2000,11.916666666667
ESP,Spain,2001,10.575000000000
ESP,Spain,2002,11.466666666667
ESP,Spain,2003,11.491666666667
ESP,Spain,2004,10.975000000000
ESP,Spain,2005,9.158333333333
ESP,Spain,2006,8.441666666667
ESP,Spain,2007,8.250000000000
ESP,Spain,2008,11.266666666667
ESP,Spain,2009,17.883333333333
ESP,Spain,2010,19.866666666667
ESP,Spain,2011,21.408333333333
ESP,Spain,2012,24.800000000000
ESP,Spain,2013,26.108333333333
ESP,Spain,2014,24.450000000000
ESP,Spain,2015,22.066666666667
ESP,Spain,2016,19.633333333333
ESP,Spain,2017,17.241666666667
ESP,Spain,2018,15.250000000000
ESP,Spain,2019,14.108333333333
ESP,Spain,2020,15.541666666667
ESP,Spain,2021,14.800000000000
ESP,Spain,2022,12.933333333333
ESP,Spain,2023,12.116666666667
ESP,Spain,2024,11.550000000000
EST,Estonia,1997,9.650000000000
EST,Estonia,1998,9.175000000000
EST,Estonia,1999,11.350000000000
EST,Estonia,2000,14.225000000000
EST,Estonia,2001,13.033333333333
EST,Estonia,2002,11.325000000000
EST,Estonia,2003,10.450000000000
EST,Estonia,2004,9.950000000000
EST,Estonia,2005,8.000000000000
EST,Estonia,2006,5.950000000000
EST,Estonia,2007,4.491666666667
EST,Estonia,2008,5.641666666667
EST,Estonia,2009,13.558333333333
EST,Estonia,2010,16.550000000000
EST,Estonia,2011,12.308333333333
EST,Estonia,2012,9.891666666667
EST,Estonia,2013,8.491666666667
EST,Estonia,2014,7.316666666667
EST,Estonia,2015,6.375000000000
EST,Estonia,2016,6.841666666667
EST,Estonia,2017,5.841666666667
EST,Estonia,2018,5.366666666667
EST,Estonia,2019,4.466666666667
EST,Estonia,2020,6.900000000000
EST,Estonia,2021,6.200000000000
EST,Estonia,2022,5.608333333333
EST,Estonia,2023,6.433333333333
EST,Estonia,2024,7.600000000000
EU27_2020,European Union (27 countries from 01/02/2020),2000,8.991666666667
EU27_2020,European Union (27 countries from 01/02/2020),2001,8.750000000000
EU27_2020,European Union (27 countries from 01/02/2020),2002,9.050000000000
EU27_2020,European Union (27 countries from 01/02/2020),2003,9.866666666667
EU27_2020,European Union (27 countries from 01/02/2020),2004,9.991666666667
EU27_2020,European Union (27 countries from 01/02/2020),2005,9.683333333333
EU27_2020,European Union (27 countries from 01/02/2020),2006,8.741666666667
EU27_2020,European Union (27 countries from 01/02/2020),2007,7.575000000000
EU27_2020,European Union (27 countries from 01/02/2020),2008,7.316666666667
EU27_2020,European Union (27 countries from 01/02/2020),2009,9.300000000000
EU27_2020,European Union (27 countries from 01/02/2020),2010,10.066666666667
EU27_2020,European Union (27 countries from 01/02/2020),2011,10.083333333333
EU27_2020,European Union (27 countries from 01/02/2020),2012,11.058333333333
EU27_2020,European Union (27 countries from 01/02/2020),2013,11.575000000000
EU27_2020,European Union (27 countries from 01/02/2020),2014,11.000000000000
EU27_2020,European Union (27 countries from 01/02/2020),2015,10.183333333333
EU27_2020,European Union (27 countries from 01/02/2020),2016,9.250000000000
EU27_2020,European Union (27 countries from 01/02/2020),2017,8.275000000000
EU27_2020,European Union (27 countries from 01/02/2020),2018,7.391666666667
EU27_2020,European Union (27 countries from 01/02/2020),2019,6.816666666667
EU27_2020,European Union (27 countries from 01/02/2020),2020,7.233333333333
EU27_2020,European Union (27 countries from 01/02/2020),2021,7.041666666667
EU27_2020,European Union (27 countries from 01/02/2020),2022,6.141666666667
EU27_2020,European Union (27 countries from 01/02/2020),2023,6.033333333333
EU27_2020,European Union (27 countries from 01/02/2020),2024,6.000000000000
FIN,Finland,1988,4.166666666667
FIN,Finland,1989,3.100000000000
FIN,Finland,1990,3.166666666667
FIN,Finland,1991,6.683333333333
FIN,Finland,1992,11.775000000000
FIN,Finland,1993,16.341666666667
FIN,Finland,1994,16.575000000000
FIN,Finland,1995,15.033333333333
FIN,Finland,1996,14.550000000000
FIN,Finland,1997,12.675000000000
FIN,Finland,1998,11.375000000000
FIN,Finland,1999,10.283333333333
FIN,Finland,2000,9.741666666667
FIN,Finland,2001,9.133333333333
FIN,Finland,2002,9.083333333333
FIN,Finland,2003,9.033333333333
FIN,Finland,2004,8.816666666667
FIN,Finland,2005,8.375000000000
FIN,Finland,2006,7.691666666667
FIN,Finland,2007,6.841666666667
FIN,Finland,2008,6.366666666667
FIN,Finland,2009,8.400000000000
FIN,Finland,2010,8.566666666667
FIN,Finland,2011,7.966666666667
FIN,Finland,2012,7.825000000000
FIN,Finland,2013,8.283333333333
FIN,Finland,2014,8.783333333333
FIN,Finland,2015,9.450000000000
FIN,Finland,2016,8.925000000000
FIN,Finland,2017,8.733333333333
FIN,Finland,2018,7.425000000000
FIN,Finland,2019,6.725000000000
FIN,Finland,2020,7.766666666667
FIN,Finland,2021,7.625000000000
FIN,Finland,2022,6.766666666667
FIN,Finland,2023,7.216666666667
FIN,Finland,2024,7.700000000000
FRA,France,1983,8.758333333333
FRA,France,1984,10.066666666667
FRA,France,1985,10.416666666667
FRA,France,1986,10.575000000000
FRA,France,1987,10.633333333333
FRA,France,1988,10.075000000000
FRA,France,1989,9.650000000000
FRA,France,1990,9.375000000000
FRA,France,1991,9.600000000000
FRA,France,1992,10.641666666667
FRA,France,1993,11.850000000000
FRA,France,1994,12.275000000000
FRA,France,1995,11.958333333333
FRA,France,1996,12.400000000000
FRA,France,1997,12.350000000000
FRA,France,1998,12.050000000000
FRA,France,1999,11.316666666667
FRA,France,2000,9.525000000000
FRA,France,2001,8.758333333333
FRA,France,2002,8.641666666667
FRA,France,2003,8.516666666667
FRA,France,2004,8.883333333333
FRA,France,2005,8.883333333333
FRA,France,2006,8.858333333333
FRA,France,2007,8.016666666667
FRA,France,2008,7.441666666667
FRA,France,2009,9.116666666667
FRA,France,2010,9.266666666667
FRA,France,2011,9.208333333333
FRA,France,2012,9.766666666667
FRA,France,2013,10.308333333333
FRA,France,2014,10.266666666667
FRA,France,2015,10.341666666667
FRA,France,2016,10.066666666667
FRA,France,2017,9.416666666667
FRA,France,2018,9.025000000000
FRA,France,2019,8.425000000000
FRA,France,2020,8.033333333333
FRA,France,2021,7.875000000000
FRA,France,2022,7.308333333333
FRA,France,2023,7.350000000000
FRA,France,2024,7.450000000000
G7,G7,1991,6.364910500000
G7,G7,1992,7.016898500000
G7,G7,1993,7.208139750000
G7,G7,1994,6.997589000000
G7,G7,1995,6.727230416667
G7,G7,1996,6.756979416667
G7,G7,1997,6.535972250000
G7,G7,1998,6.361996833333
G7,G7,1999,6.122958750000
G7,G7,2000,5.682521750000
G7,G7,2001,5.902077333333
G7,G7,2002,6.474980000000
G7,G7,2003,6.627522166667
G7,G7,2004,6.362701250000
G7,G7,2005,6.169909833333
G7,G7,2006,5.783969833333
G7,G7,2007,5.431330583333
G7,G7,2008,5.853649416667
G7,G7,2009,7.985125750000
G7,G7,2010,8.117707083333
G7,G7,2011,7.629214500000
G7,G7,2012,7.354289333333
G7,G7,2013,7.084210000000
G7,G7,2014,6.361628583333
G7,G7,2015,5.788625833333
G7,G7,2016,5.444116416667
G7,G7,2017,4.976053750000
G7,G7,2018,4.534715500000
G7,G7,2019,4.268146666667
G7,G7,2020,6.484277083333
G7,G7,2021,5.215884416667
G7,G7,2022,4.076175916667
G7,G7,2023,4.059673333333
G7,G7,2024,4.143346500000
GBR,United Kingdom,1983,10.858333333333
GBR,United Kingdom,1984,10.866666666667
GBR,United Kingdom,1985,11.208333333333
GBR,United Kingdom,1986,11.241666666667
GBR,United Kingdom,1987,10.341666666667
GBR,United Kingdom,1988,8.491666666667
GBR,United Kingdom,1989,7.091666666667
GBR,United Kingdom,1990,6.875000000000
GBR,United Kingdom,1991,8.566666666667
GBR,United Kingdom,1992,9.866666666667
GBR,United Kingdom,1993,10.400000000000
GBR,United Kingdom,1994,9.500000000000
GBR,United Kingdom,1995,8.658333333333
GBR,United Kingdom,1996,8.116666666667
GBR,United Kingdom,1997,6.983333333333
GBR,United Kingdom,1998,6.266666666667
GBR,United Kingdom,1999,5.983333333333
GBR,United Kingdom,2000,5.450000000000
GBR,United Kingdom,2001,5.083333333333
GBR,United Kingdom,2002,5.175000000000
GBR,United Kingdom,2003,5.008333333333
GBR,United Kingdom,2004,4.750000000000
GBR,United Kingdom,2005,4.841666666667
GBR,United Kingdom,2006,5.416666666667
GBR,United Kingdom,2007,5.333333333333
GBR,United Kingdom,2008,5.708333333333
GBR,United Kingdom,2009,7.608333333333
GBR,United Kingdom,2010,7.891666666667
GBR,United Kingdom,2011,8.100000000000
GBR,United Kingdom,2012,7.991666666667
GBR,United Kingdom,2013,7.608333333333
GBR,United Kingdom,2014,6.216666666667
GBR,United Kingdom,2015,5.408333333333
GBR,United Kingdom,2016,4.966666666667
GBR,United Kingdom,2017,4.450000000000
GBR,United Kingdom,2018,4.158333333333
GBR,United Kingdom,2019,3.933333333333
GBR,United Kingdom,2020,4.658333333333
GBR,United Kingdom,2021,4.633333333333
GBR,United Kingdom,2022,3.850000000000
GBR,United Kingdom,2023,4.025000000000
GBR,United Kingdom,2024,4.200000000000
GRC,Greece,1998,11.111111111111
GRC,Greece,1999,11.950000000000
GRC,Greece,2000,11.225000000000
GRC,Greece,2001,10.675000000000
GRC,Greece,2002,10.308333333333
GRC,Greece,2003,9.758333333333
GRC,Greece,2004,10.600000000000
GRC,Greece,2005,10.033333333333
GRC,Greece,2006,9.016666666667
GRC,Greece,2007,8.416666666667
GRC,Greece,2008,7.816666666667
GRC,Greece,2009,9.741666666667
GRC,Greece,2010,12.925000000000
GRC,Greece,2011,18.091666666667
GRC,Greece,2012,24.833333333333
GRC,Greece,2013,27.816666666667
GRC,Greece,2014,26.641666666667
GRC,Greece,2015,24.966666666667
GRC,Greece,2016,23.891666666667
GRC,Greece,2017,21.850000000000
GRC,Greece,2018,19.758333333333
GRC,Greece,2019,17.850000000000
GRC,Greece,2020,17.591666666667
GRC,Greece,2021,14.816666666667
GRC,Greece,2022,12.408333333333
GRC,Greece,2023,11.008333333333
GRC,Greece,2024,10.800000000000
HUN,Hungary,1996,9.841666666667
HUN,Hungary,1997,9.058333333333
HUN,Hungary,1998,8.658333333333
HUN,Hungary,1999,6.875000000000
HUN,Hungary,2000,6.241666666667
HUN,Hungary,2001,5.575000000000
HUN,Hungary,2002,5.591666666667
HUN,Hungary,2003,5.725000000000
HUN,Hungary,2004,6.066666666667
HUN,Hungary,2005,7.175000000000
HUN,Hungary,2006,7.458333333333
HUN,Hungary,2007,7.366666666667
HUN,Hungary,2008,7.808333333333
HUN,Hungary,2009,9.700000000000
HUN,Hungary,2010,10.791666666667
HUN,Hungary,2011,10.650000000000
HUN,Hungary,2012,10.575000000000
HUN,Hungary,2013,9.541666666667
HUN,Hungary,2014,7.475000000000
HUN,Hungary,2015,6.491666666667
HUN,Hungary,2016,4.900000000000
HUN,Hungary,2017,4.016666666667
HUN,Hungary,2018,3.508333333333
HUN,Hungary,2019,3.275000000000
HUN,Hungary,2020,4.100000000000
HUN,Hungary,2021,4.041666666667
HUN,Hungary,2022,3.616666666667
HUN,Hungary,2023,3.983333333333
HUN,Hungary,2024,4.350000000000
IRL,Ireland,1983,13.900000000000
IRL,Ireland,1984,15.500000000000
IRL,Ireland,1985,16.800000000000
IRL,Ireland,1986,16.816666666667
IRL,Ireland,1987,16.616666666667
IRL,Ireland,1988,16.208333333333
IRL,Ireland,1989,14.725000000000
IRL,Ireland,1990,13.416666666667
IRL,Ireland,1991,14.733333333333
IRL,Ireland,1992,15.400000000000
IRL,Ireland,1993,15.633333333333
IRL,Ireland,1994,14.350000000000
IRL,Ireland,1995,12.283333333333
IRL,Ireland,1996,11.650000000000
IRL,Ireland,1997,9.858333333333
IRL,Ireland,1998,7.550000000000
IRL,Ireland,1999,5.908333333333
IRL,Ireland,2000,4.383333333333
IRL,Ireland,2001,4.183333333333
IRL,Ireland,2002,4.741666666667
IRL,Ireland,2003,4.841666666667
IRL,Ireland,2004,4.758333333333
IRL,Ireland,2005,4.633333333333
IRL,Ireland,2006,4.766666666667
IRL,Ireland,2007,5.000000000000
IRL,Ireland,2008,6.808333333333
IRL,Ireland,2009,12.650000000000
IRL,Ireland,2010,14.600000000000
IRL,Ireland,2011,15.408333333333
IRL,Ireland,2012,15.491666666667
IRL,Ireland,2013,13.758333333333
IRL,Ireland,2014,11.891666666667
IRL,Ireland,2015,9.933333333333
IRL,Ireland,2016,8.383333333333
IRL,Ireland,2017,6.766666666667
IRL,Ireland,2018,5.808333333333
IRL,Ireland,2019,4.991666666667
IRL,Ireland,2020,5.833333333333
IRL,Ireland,2021,6.258333333333
IRL,Ireland,2022,4.450000000000
IRL,Ireland,2023,4.325000000000
IRL,Ireland,2024,4.350000000000
ISL,Iceland,2003,3.525000000000
ISL,Iceland,2004,3.341666666667
ISL,Iceland,2005,2.816666666667
ISL,Iceland,2006,3.200000000000
ISL,Iceland,2007,2.441666666667
ISL,Iceland,2008,3.391666666667
ISL,Iceland,2009,8.066666666667
ISL,Iceland,2010,8.350000000000
ISL,Iceland,2011,7.675000000000
ISL,Iceland,2012,6.716666666667
ISL,Iceland,2013,5.891666666667
ISL,Iceland,2014,5.458333333333
ISL,Iceland,2015,4.566666666667
ISL,Iceland,2016,3.366666666667
ISL,Iceland,2017,3.300000000000
ISL,Iceland,2018,3.066666666667
ISL,Iceland,2019,3.958333333333
ISL,Iceland,2020,6.408333333333
ISL,Iceland,2021,5.883333333333
ISL,Iceland,2022,3.691666666667
ISL,Iceland,2023,3.350000000000
ISR,Israel,2012,6.874125916667
ISR,Israel,2013,6.205657250000
ISR,Israel,2014,5.873101833333
ISR,Israel,2015,5.246891750000
ISR,Israel,2016,4.821075666667
ISR,Israel,2017,4.224425416667
ISR,Israel,2018,3.980295666667
ISR,Israel,2019,3.807201166667
ISR,Israel,2020,4.298624750000
ISR,Israel,2021,4.956940416667
ISR,Israel,2022,3.758676416667
ISR,Israel,2023,3.448880000000
ISR,Israel,2024,3.237437500000
ITA,Italy,1983,7.366666666667
ITA,Italy,1984,7.833333333333
ITA,Italy,1985,8.166666666667
ITA,Italy,1986,8.866666666667
ITA,Italy,1987,9.616666666667
ITA,Italy,1988,9.683333333333
ITA,Italy,1989,9.666666666667
ITA,Italy,1990,8.858333333333
ITA,Italy,1991,8.533333333333
ITA,Italy,1992,8.808333333333
ITA,Italy,1993,9.833333333333
ITA,Italy,1994,10.633333333333
ITA,Italy,1995,11.150000000000
ITA,Italy,1996,11.150000000000
ITA,Italy,1997,11.241666666667
ITA,Italy,1998,11.333333333333
ITA,Italy,1999,10.941666666667
ITA,Italy,2000,10.100000000000
ITA,Italy,2001,9.100000000000
ITA,Italy,2002,8.608333333333
ITA,Italy,2003,8.450000000000
ITA,Italy,2004,8.041666666667
ITA,Italy,2005,7.758333333333
ITA,Italy,2006,6.875000000000
ITA,Italy,2007,6.208333333333
ITA,Italy,2008,6.783333333333
ITA,Italy,2009,7.875000000000
ITA,Italy,2010,8.500000000000
ITA,Italy,2011,8.583333333333
ITA,Italy,2012,10.908333333333
ITA,Italy,2013,12.350000000000
ITA,Italy,2014,12.766666666667
ITA,Italy,2015,12.008333333333
ITA,Italy,2016,11.725000000000
ITA,Italy,2017,11.300000000000
ITA,Italy,2018,10.616666666667
ITA,Italy,2019,9.900000000000
ITA,Italy,2020,9.350000000000
ITA,Italy,2021,9.516666666667
ITA,Italy,2022,8.116666666667
ITA,Italy,2023,7.666666666667
ITA,Italy,2024,7.400000000000
JPN,Japan,1955,2.516666666667
JPN,Japan,1956,2.300000000000
JPN,Japan,1957,1.925000000000
JPN,Japan,1958,2.066666666667
JPN,Japan,1959,2.208333333333
JPN,Japan,1960,1.616666666667
JPN,Japan,1961,1.441666666667
JPN,Japan,1962,1.291666666667
JPN,Japan,1963,1.258333333333
JPN,Japan,1964,1.166666666667
JPN,Japan,1965,1.233333333333
JPN,Japan,1966,1.316666666667
JPN,Japan,1967,1.250000000000
JPN,Japan,1968,1.175000000000
JPN,Japan,1969,1.133333333333
JPN,Japan,1970,1.175000000000
JPN,Japan,1971,1.233333333333
JPN,Japan,1972,1.408333333333
JPN,Japan,1973,1.250000000000
JPN,Japan,1974,1.400000000000
JPN,Japan,1975,1.891666666667
JPN,Japan,1976,2.008333333333
JPN,Japan,1977,2.008333333333
JPN,Japan,1978,2.233333333333
JPN,Japan,1979,2.083333333333
JPN,Japan,1980,2.016666666667
JPN,Japan,1981,2.208333333333
JPN,Japan,1982,2.350000000000
JPN,Japan,1983,2.658333333333
JPN,Japan,1984,2.708333333333
JPN,Japan,1985,2.625000000000
JPN,Japan,1986,2.766666666667
JPN,Japan,1987,2.850000000000
JPN,Japan,1988,2.516666666667
JPN,Japan,1989,2.250000000000
JPN,Japan,1990,2.100000000000
JPN,Japan,1991,2.091666666667
JPN,Japan,1992,2.150000000000
JPN,Japan,1993,2.500000000000
JPN,Japan,1994,2.891666666667
JPN,Japan,1995,3.150000000000
JPN,Japan,1996,3.366666666667
JPN,Japan,1997,3.400000000000
JPN,Japan,1998,4.100000000000
JPN,Japan,1999,4.666666666667
JPN,Japan,2000,4.733333333333
JPN,Japan,2001,5.041666666667
JPN,Japan,2002,5.358333333333
JPN,Japan,2003,5.241666666667
JPN,Japan,2004,4.733333333333
JPN,Japan,2005,4.425000000000
JPN,Japan,2006,4.116666666667
JPN,Japan,2007,3.833333333333
JPN,Japan,2008,3.983333333333
JPN,Japan,2009,5.075000000000
JPN,Japan,2010,5.058333333333
JPN,Japan,2011,4.583333333333
JPN,Japan,2012,4.325000000000
JPN,Japan,2013,4.008333333333
JPN,Japan,2014,3.583333333333
JPN,Japan,2015,3.375000000000
JPN,Japan,2016,3.108333333333
JPN,Japan,2017,2.816666666667
JPN,Japan,2018,2.433333333333
JPN,Japan,2019,2.358333333333
JPN,Japan,2020,2.800000000000
JPN,Japan,2021,2.816666666667
JPN,Japan,2022,2.591666666667
JPN,Japan,2023,2.566666666667
JPN,Japan,2024,2.500000000000
KOR,Korea,1990,2.458333333333
KOR,Korea,1991,2.416666666667
KOR,Korea,1992,2.500000000000
KOR,Korea,1993,2.891666666667
KOR,Korea,1994,2.475000000000
KOR,Korea,1995,2.075000000000
KOR,Korea,1996,2.050000000000
KOR,Korea,1997,2.616666666667
KOR,Korea,1998,7.025000000000
KOR,Korea,1999,6.516666666667
KOR,Korea,2000,4.416666666667
KOR,Korea,2001,3.975000000000
KOR,Korea,2002,3.250000000000
KOR,Korea,2003,3.575000000000
KOR,Korea,2004,3.666666666667
KOR,Korea,2005,3.733333333333
KOR,Korea,2006,3.483333333333
KOR,Korea,2007,3.258333333333
KOR,Korea,2008,3.166666666667
KOR,Korea,2009,3.650000000000
KOR,Korea,2010,3.700000000000
KOR,Korea,2011,3.383333333333
KOR,Korea,2012,3.200000000000
KOR,Korea,2013,3.100000000000
KOR,Korea,2014,3.508333333333
KOR,Korea,2015,3.600000000000
KOR,Korea,2016,3.675000000000
KOR,Korea,2017,3.683333333333
KOR,Korea,2018,3.858333333333
KOR,Korea,2019,3.758333333333
KOR,Korea,2020,3.983333333333
KOR,Korea,2021,3.608333333333
KOR,Korea,2022,2.866666666667
KOR,Korea,2023,2.700000000000
KOR,Korea,2024,2.800000000000
LTU,Lithuania,1998,13.022222222222
LTU,Lithuania,1999,14.625000000000
LTU,Lithuania,2000,16.425000000000
LTU,Lithuania,2001,17.391666666667
LTU,Lithuania,2002,13.775000000000
LTU,Lithuania,2003,12.441666666667
LTU,Lithuania,2004,10.891666666667
LTU,Lithuania,2005,8.316666666667
LTU,Lithuania,2006,5.783333333333
LTU,Lithuania,2007,4.250000000000
LTU,Lithuania,2008,5.816666666667
LTU,Lithuania,2009,13.800000000000
LTU,Lithuania,2010,17.833333333333
LTU,Lithuania,2011,15.400000000000
LTU,Lithuania,2012,13.400000000000
LTU,Lithuania,2013,11.800000000000
LTU,Lithuania,2014,10.733333333333
LTU,Lithuania,2015,9.141666666667
LTU,Lithuania,2016,7.916666666667
LTU,Lithuania,2017,7.108333333333
LTU,Lithuania,2018,6.191666666667
LTU,Lithuania,2019,6.275000000000
LTU,Lithuania,2020,8.525000000000
LTU,Lithuania,2021,7.133333333333
LTU,Lithuania,2022,5.950000000000
LTU,Lithuania,2023,6.850000000000
LTU,Lithuania,2024,7.550000000000
LUX,Luxembourg,1983,3.416666666667
LUX,Luxembourg,1984,3.025000000000
LUX,Luxembourg,1985,2.883333333333
LUX,Luxembourg,1986,2.566666666667
LUX,Luxembourg,1987,2.450000000000
LUX,Luxembourg,1988,2.000000000000
LUX,Luxembourg,1989,1.791666666667
LUX,Luxembourg,1990,1.658333333333
LUX,Luxembourg,1991,1.633333333333
LUX,Luxembourg,1992,2.066666666667
LUX,Luxembourg,1993,2.608333333333
LUX,Luxembourg,1994,3.158333333333
LUX,Luxembourg,1995,2.850000000000
LUX,Luxembourg,1996,2.933333333333
LUX,Luxembourg,1997,2.700000000000
LUX,Luxembourg,1998,2.675000000000
LUX,Luxembourg,1999,2.400000000000
LUX,Luxembourg,2000,2.216666666667
LUX,Luxembourg,2001,1.900000000000
LUX,Luxembourg,2002,2.566666666667
LUX,Luxembourg,2003,3.783333333333
LUX,Luxembourg,2004,4.941666666667
LUX,Luxembourg,2005,4.641666666667
LUX,Luxembourg,2006,4.575000000000
LUX,Luxembourg,2007,4.175000000000
LUX,Luxembourg,2008,4.866666666667
LUX,Luxembourg,2009,5.166666666667
LUX,Luxembourg,2010,4.566666666667
LUX,Luxembourg,2011,4.833333333333
LUX,Luxembourg,2012,5.083333333333
LUX,Luxembourg,2013,5.833333333333
LUX,Luxembourg,2014,6.033333333333
LUX,Luxembourg,2015,6.458333333333
LUX,Luxembourg,2016,6.308333333333
LUX,Luxembourg,2017,5.616666666667
LUX,Luxembourg,2018,5.525000000000
LUX,Luxembourg,2019,5.616666666667
LUX,Luxembourg,2020,6.658333333333
LUX,Luxembourg,2021,5.408333333333
LUX,Luxembourg,2022,4.600000000000
LUX,Luxembourg,2023,5.200000000000
LUX,Luxembourg,2024,5.600000000000
LVA,Latvia,1998,14.066666666667
LVA,Latvia,1999,14.041666666667
LVA,Latvia,2000,14.375000000000
LVA,Latvia,2001,13.491666666667
LVA,Latvia,2002,12.483333333333
LVA,Latvia,2003,11.650000000000
LVA,Latvia,2004,11.733333333333
LVA,Latvia,2005,9.991666666667
LVA,Latvia,2006,7.008333333333
LVA,Latvia,2007,6.050000000000
LVA,Latvia,2008,7.783333333333
LVA,Latvia,2009,17.633333333333
LVA,Latvia,2010,19.483333333333
LVA,Latvia,2011,16.183333333333
LVA,Latvia,2012,15.025000000000
LVA,Latvia,2013,11.866666666667
LVA,Latvia,2014,10.825000000000
LVA,Latvia,2015,9.883333333333
LVA,Latvia,2016,9.650000000000
LVA,Latvia,2017,8.716666666667
LVA,Latvia,2018,7.408333333333
LVA,Latvia,2019,6.300000000000
LVA,Latvia,2020,8.091666666667
LVA,Latvia,2021,7.541666666667
LVA,Latvia,2022,6.833333333333
LVA,Latvia,2023,6.500000000000
LVA,Latvia,2024,6.900000000000
MEX,Mexico,1987,3.883333333333
MEX,Mexico,1988,3.550000000000
MEX,Mexico,1989,2.916666666667
MEX,Mexico,1990,2.741666666667
MEX,Mexico,1991,2.700000000000
MEX,Mexico,1992,2.791666666667
MEX,Mexico,1993,3.416666666667
MEX,Mexico,1994,3.650000000000
MEX,Mexico,1995,6.258333333333
MEX,Mexico,1996,5.458333333333
MEX,Mexico,1997,3.716666666667
MEX,Mexico,1998,3.225000000000
MEX,Mexico,1999,2.558333333333
MEX,Mexico,2000,2.503158416667
MEX,Mexico,2001,2.768018416667
MEX,Mexico,2002,2.977865833333
MEX,Mexico,2003,3.400854000000
MEX,Mexico,2004,3.917776916667
MEX,Mexico,2005,3.594927000000
MEX,Mexico,2006,3.597733500000
MEX,Mexico,2007,3.720571583333
MEX,Mexico,2008,3.974556166667
MEX,Mexico,2009,5.482562916667
MEX,Mexico,2010,5.381159083333
MEX,Mexico,2011,5.234421833333
MEX,Mexico,2012,4.953842750000
MEX,Mexico,2013,4.929322166667
MEX,Mexico,2014,4.828969916667
MEX,Mexico,2015,4.353409500000
MEX,Mexico,2016,3.885288250000
MEX,Mexico,2017,3.418804583333
MEX,Mexico,2018,3.286851166667
MEX,Mexico,2019,3.466944250000
MEX,Mexico,2020,4.435327833333
MEX,Mexico,2021,4.138321416667
MEX,Mexico,2022,3.273362750000
MEX,Mexico,2023,2.796722500000
MEX,Mexico,2024,2.608014000000
NLD,Netherlands,1983,9.500000000000
NLD,Netherlands,1984,9.266666666667
NLD,Netherlands,1985,8.450000000000
NLD,Netherlands,1986,7.608333333333
NLD,Netherlands,1987,7.458333333333
NLD,Netherlands,1988,7.350000000000
NLD,Netherlands,1989,6.708333333333
NLD,Netherlands,1990,6.075000000000
NLD,Netherlands,1991,5.716666666667
NLD,Netherlands,1992,5.733333333333
NLD,Netherlands,1993,6.500000000000
NLD,Netherlands,1994,7.200000000000
NLD,Netherlands,1995,8.300000000000
NLD,Netherlands,1996,7.650000000000
NLD,Netherlands,1997,6.433333333333
NLD,Netherlands,1998,5.150000000000
NLD,Netherlands,1999,4.258333333333
NLD,Netherlands,2000,3.633333333333
NLD,Netherlands,2001,3.133333333333
NLD,Netherlands,2002,3.675000000000
NLD,Netherlands,2003,5.925000000000
NLD,Netherlands,2004,6.783333333333
NLD,Netherlands,2005,6.991666666667
NLD,Netherlands,2006,6.091666666667
NLD,Netherlands,2007,5.300000000000
NLD,Netherlands,2008,4.766666666667
NLD,Netherlands,2009,5.416666666667
NLD,Netherlands,2010,6.091666666667
NLD,Netherlands,2011,6.033333333333
NLD,Netherlands,2012,6.825000000000
NLD,Netherlands,2013,8.200000000000
NLD,Netherlands,2014,8.341666666667
NLD,Netherlands,2015,7.908333333333
NLD,Netherlands,2016,7.008333333333
NLD,Netherlands,2017,5.891666666667
NLD,Netherlands,2018,4.875000000000
NLD,Netherlands,2019,4.425000000000
NLD,Netherlands,2020,4.858333333333
NLD,Netherlands,2021,4.241666666667
NLD,Netherlands,2022,3.516666666667
NLD,Netherlands,2023,3.550000000000
NLD,Netherlands,2024,3.650000000000
NOR,Norway,1989,5.391666666667
NOR,Norway,1990,5.783333333333
NOR,Norway,1991,6.025000000000
NOR,Norway,1992,6.541666666667
NOR,Norway,1993,6.608333333333
NOR,Norway,1994,6.000000000000
NOR,Norway,1995,5.450000000000
NOR,Norway,1996,4.775000000000
NOR,Norway,1997,3.908333333333
NOR,Norway,1998,3.100000000000
NOR,Norway,1999,3.041666666667
NOR,Norway,2000,3.241666666667
NOR,Norway,2001,3.425000000000
NOR,Norway,2002,3.683333333333
NOR,Norway,2003,4.225000000000
NOR,Norway,2004,4.291666666667
NOR,Norway,2005,4.525000000000
NOR,Norway,2006,3.600000000000
NOR,Norway,2007,2.716666666667
NOR,Norway,2008,2.908333333333
NOR,Norway,2009,3.458333333333
NOR,Norway,2010,3.933333333333
NOR,Norway,2011,3.541666666667
NOR,Norway,2012,3.475000000000
NOR,Norway,2013,3.941666666667
NOR,Norway,2014,3.783333333333
NOR,Norway,2015,4.675000000000
NOR,Norway,2016,4.908333333333
NOR,Norway,2017,4.366666666667
NOR,Norway,2018,4.025000000000
NOR,Norway,2019,3.875000000000
NOR,Norway,2020,4.741666666667
NOR,Norway,2021,4.441666666667
NOR,Norway,2022,3.241666666667
NOR,Norway,2023,3.575000000000
NOR,Norway,2024,4.050000000000
OECD,OECD,2001,6.693747000000
OECD,OECD,2002,7.218299833333
OECD,OECD,2003,7.329197333333
OECD,OECD,2004,7.187346583333
OECD,OECD,2005,6.833407000000
OECD,OECD,2006,6.327990166667
OECD,OECD,2007,5.862072500000
OECD,OECD,2008,6.193394750000
OECD,OECD,2009,8.321560833333
OECD,OECD,2010,8.524068416667
OECD,OECD,2011,8.126248833333
OECD,OECD,2012,8.105709000000
OECD,OECD,2013,8.012323583333
OECD,OECD,2014,7.450806250000
OECD,OECD,2015,6.886936000000
OECD,OECD,2016,6.471139666667
OECD,OECD,2017,5.943896583333
OECD,OECD,2018,5.498432250000
OECD,OECD,2019,5.420432083333
OECD,OECD,2020,7.179131583333
OECD,OECD,2021,6.162850500000
OECD,OECD,2022,5.005658666667
OECD,OECD,2023,4.834442500000
OECD,OECD,2024,4.862897000000
POL,Poland,1997,10.850000000000
POL,Poland,1998,10.208333333333
POL,Poland,1999,13.375000000000
POL,Poland,2000,16.116666666667
POL,Poland,2001,18.308333333333
POL,Poland,2002,20.041666666667
POL,Poland,2003,19.758333333333
POL,Poland,2004,19.133333333333
POL,Poland,2005,17.916666666667
POL,Poland,2006,13.941666666667
POL,Poland,2007,9.608333333333
POL,Poland,2008,7.066666666667
POL,Poland,2009,8.141666666667
POL,Poland,2010,9.975000000000
POL,Poland,2011,9.958333333333
POL,Poland,2012,10.400000000000
POL,Poland,2013,10.608333333333
POL,Poland,2014,9.216666666667
POL,Poland,2015,7.658333333333
POL,Poland,2016,6.258333333333
POL,Poland,2017,4.950000000000
POL,Poland,2018,3.908333333333
POL,Poland,2019,3.341666666667
POL,Poland,2020,3.233333333333
POL,Poland,2021,3.358333333333
POL,Poland,2022,2.866666666667
POL,Poland,2023,2.825000000000
POL,Poland,2024,2.900000000000
PRT,Portugal,1983,8.891666666667
PRT,Portugal,1984,9.608333333333
PRT,Portugal,1985,9.858333333333
PRT,Portugal,1986,9.508333333333
PRT,Portugal,1987,8.008333333333
PRT,Portugal,1988,6.658333333333
PRT,Portugal,1989,6.008333333333
PRT,Portugal,1990,5.625000000000
PRT,Portugal,1991,5.041666666667
PRT,Portugal,1992,4.991666666667
PRT,Portugal,1993,6.308333333333
PRT,Portugal,1994,7.583333333333
PRT,Portugal,1995,7.916666666667
PRT,Portugal,1996,7.991666666667
PRT,Portugal,1997,7.508333333333
PRT,Portugal,1998,6.141666666667
PRT,Portugal,1999,5.716666666667
PRT,Portugal,2000,5.283333333333
PRT,Portugal,2001,5.366666666667
PRT,Portugal,2002,6.458333333333
PRT,Portugal,2003,7.808333333333
PRT,Portugal,2004,8.166666666667
PRT,Portugal,2005,9.216666666667
PRT,Portugal,2006,9.308333333333
PRT,Portugal,2007,9.583333333333
PRT,Portugal,2008,9.233333333333
PRT,Portugal,2009,11.241666666667
PRT,Portugal,2010,12.583333333333
PRT,Portugal,2011,13.516666666667
PRT,Portugal,2012,16.591666666667
PRT,Portugal,2013,17.158333333333
PRT,Portugal,2014,14.650000000000
PRT,Portugal,2015,13.016666666667
PRT,Portugal,2016,11.466666666667
PRT,Portugal,2017,9.200000000000
PRT,Portugal,2018,7.166666666667
PRT,Portugal,2019,6.675000000000
PRT,Portugal,2020,7.150000000000
PRT,Portugal,2021,6.700000000000
PRT,Portugal,2022,6.150000000000
PRT,Portugal,2023,6.575000000000
PRT,Portugal,2024,6.650000000000
SVK,Slovak Republic,1998,12.725000000000
SVK,Slovak Republic,1999,16.491666666667
SVK,Slovak Republic,2000,18.900000000000
SVK,Slovak Republic,2001,19.458333333333
SVK,Slovak Republic,2002,18.825000000000
SVK,Slovak Republic,2003,17.700000000000
SVK,Slovak Republic,2004,18.358333333333
SVK,Slovak Republic,2005,16.358333333333
SVK,Slovak Republic,2006,13.441666666667
SVK,Slovak Republic,2007,11.216666666667
SVK,Slovak Republic,2008,9.591666666667
SVK,Slovak Republic,2009,12.100000000000
SVK,Slovak Republic,2010,14.416666666667
SVK,Slovak Republic,2011,13.608333333333
SVK,Slovak Republic,2012,13.916666666667
SVK,Slovak Republic,2013,14.166666666667
SVK,Slovak Republic,2014,13.091666666667
SVK,Slovak Republic,2015,11.466666666667
SVK,Slovak Republic,2016,9.650000000000
SVK,Slovak Republic,2017,8.058333333333
SVK,Slovak Republic,2018,6.525000000000
SVK,Slovak Republic,2019,5.716666666667
SVK,Slovak Republic,2020,6.650000000000
SVK,Slovak Republic,2021,6.833333333333
SVK,Slovak Republic,2022,6.191666666667
SVK,Slovak Republic,2023,5.841666666667
SVK,Slovak Republic,2024,5.500000000000
SVN,Slovenia,1996,6.908333333333
SVN,Slovenia,1997,6.933333333333
SVN,Slovenia,1998,7.383333333333
SVN,Slovenia,1999,7.425000000000
SVN,Slovenia,2000,6.750000000000
SVN,Slovenia,2001,6.191666666667
SVN,Slovenia,2002,6.341666666667
SVN,Slovenia,2003,6.700000000000
SVN,Slovenia,2004,6.325000000000
SVN,Slovenia,2005,6.533333333333
SVN,Slovenia,2006,5.975000000000
SVN,Slovenia,2007,4.841666666667
SVN,Slovenia,2008,4.400000000000
SVN,Slovenia,2009,5.841666666667
SVN,Slovenia,2010,7.241666666667
SVN,Slovenia,2011,8.200000000000
SVN,Slovenia,2012,8.866666666667
SVN,Slovenia,2013,10.116666666667
SVN,Slovenia,2014,9.708333333333
SVN,Slovenia,2015,8.975000000000
SVN,Slovenia,2016,7.975000000000
SVN,Slovenia,2017,6.541666666667
SVN,Slovenia,2018,5.125000000000
SVN,Slovenia,2019,4.450000000000
SVN,Slovenia,2020,4.975000000000
SVN,Slovenia,2021,4.725000000000
SVN,Slovenia,2022,4.008333333333
SVN,Slovenia,2023,3.650000000000
SVN,Slovenia,2024,3.150000000000
SWE,Sweden,1983,3.675000000000
SWE,Sweden,1984,3.250000000000
SWE,Sweden,1985,2.866666666667
SWE,Sweden,1986,2.675000000000
SWE,Sweden,1987,2.183333333333
SWE,Sweden,1988,1.800000000000
SWE,Sweden,1989,1.541666666667
SWE,Sweden,1990,1.725000000000
SWE,Sweden,1991,3.100000000000
SWE,Sweden,1992,5.575000000000
SWE,Sweden,1993,9.041666666667
SWE,Sweden,1994,9.333333333333
SWE,Sweden,1995,8.791666666667
SWE,Sweden,1996,9.541666666667
SWE,Sweden,1997,9.858333333333
SWE,Sweden,1998,8.183333333333
SWE,Sweden,1999,6.708333333333
SWE,Sweden,2000,5.591666666667
SWE,Sweden,2001,5.850000000000
SWE,Sweden,2002,5.958333333333
SWE,Sweden,2003,6.566666666667
SWE,Sweden,2004,7.375000000000
SWE,Sweden,2005,7.816666666667
SWE,Sweden,2006,7.258333333333
SWE,Sweden,2007,6.316666666667
SWE,Sweden,2008,6.383333333333
SWE,Sweden,2009,8.516666666667
SWE,Sweden,2010,8.775000000000
SWE,Sweden,2011,7.958333333333
SWE,Sweden,2012,8.150000000000
SWE,Sweden,2013,8.200000000000
SWE,Sweden,2014,8.108333333333
SWE,Sweden,2015,7.591666666667
SWE,Sweden,2016,7.133333333333
SWE,Sweden,2017,6.866666666667
SWE,Sweden,2018,6.483333333333
SWE,Sweden,2019,6.916666666667
SWE,Sweden,2020,8.516666666667
SWE,Sweden,2021,8.883333333333
SWE,Sweden,2022,7.483333333333
SWE,Sweden,2023,7.658333333333
SWE,Sweden,2024,8.100000000000
TUR,T??rkiye,2005,9.508333333333
TUR,T??rkiye,2006,9.058333333333
TUR,T??rkiye,2007,9.175000000000
TUR,T??rkiye,2008,10.016666666667
TUR,T??rkiye,2009,13.033333333333
TUR,T??rkiye,2010,11.116666666667
TUR,T??rkiye,2011,9.116666666667
TUR,T??rkiye,2012,8.408333333333
TUR,T??rkiye,2013,9.050000000000
TUR,T??rkiye,2014,9.891666666667
TUR,T??rkiye,2015,10.316666666667
TUR,T??rkiye,2016,10.883333333333
TUR,T??rkiye,2017,10.933333333333
TUR,T??rkiye,2018,10.941666666667
TUR,T??rkiye,2019,13.733333333333
TUR,T??rkiye,2020,13.141666666667
TUR,T??rkiye,2021,12.008333333333
TUR,T??rkiye,2022,10.475000000000
TUR,T??rkiye,2023,9.391666666667
TUR,T??rkiye,2024,8.850000000000
USA,United States,1955,4.366666666667
USA,United States,1956,4.125000000000
USA,United States,1957,4.300000000000
USA,United States,1958,6.841666666667
USA,United States,1959,5.450000000000
USA,United States,1960,5.541666666667
USA,United States,1961,6.691666666667
USA,United States,1962,5.566666666667
USA,United States,1963,5.641666666667
USA,United States,1964,5.158333333333
USA,United States,1965,4.508333333333
USA,United States,1966,3.791666666667
USA,United States,1967,3.841666666667
USA,United States,1968,3.558333333333
USA,United States,1969,3.491666666667
USA,United States,1970,4.983333333333
USA,United States,1971,5.950000000000
USA,United States,1972,5.600000000000
USA,United States,1973,4.858333333333
USA,United States,1974,5.641666666667
USA,United States,1975,8.475000000000
USA,United States,1976,7.700000000000
USA,United States,1977,7.050000000000
USA,United States,1978,6.066666666667
USA,United States,1979,5.850000000000
USA,United States,1980,7.175000000000
USA,United States,1981,7.616666666667
USA,United States,1982,9.708333333333
USA,United States,1983,9.600000000000
USA,United States,1984,7.508333333333
USA,United States,1985,7.209090909091
USA,United States,1986,7.000000000000
USA,United States,1987,6.175000000000
USA,United States,1988,5.491666666667
USA,United States,1989,5.258333333333
USA,United States,1990,5.616666666667
USA,United States,1991,6.850000000000
USA,United States,1992,7.491666666667
USA,United States,1993,6.908333333333
USA,United States,1994,6.100000000000
USA,United States,1995,5.591666666667
USA,United States,1996,5.408333333333
USA,United States,1997,4.941666666667
USA,United States,1998,4.500000000000
USA,United States,1999,4.216666666667
USA,United States,2000,3.966666666667
USA,United States,2001,4.741666666667
USA,United States,2002,5.783333333333
USA,United States,2003,5.991666666667
USA,United States,2004,5.541666666667
USA,United States,2005,5.083333333333
USA,United States,2006,4.608333333333
USA,United States,2007,4.616666666667
USA,United States,2008,5.800000000000
USA,United States,2009,9.283333333333
USA,United States,2010,9.608333333333
USA,United States,2011,8.933333333333
USA,United States,2012,8.075000000000
USA,United States,2013,7.358333333333
USA,United States,2014,6.158333333333
USA,United States,2015,5.275000000000
USA,United States,2016,4.875000000000
USA,United States,2017,4.358333333333
USA,United States,2018,3.891666666667
USA,United States,2019,3.675000000000
USA,United States,2020,8.091666666667
USA,United States,2021,5.350000000000
USA,United States,2022,3.633333333333
USA,United States,2023,3.625000000000
USA,United States,2024,3.800000000000
